<keymap version="1" name="Emacs copy 1" parent="Emacs">
  <action id="$Copy">
    <keyboard-shortcut first-keystroke="escape" second-keystroke="w" />
    <keyboard-shortcut first-keystroke="meta c" />
  </action>
  <action id="$Undo">
    <keyboard-shortcut first-keystroke="meta z" />
    <keyboard-shortcut first-keystroke="ctrl x" second-keystroke="u" />
  </action>
  <action id="ActivateRunToolWindow">
    <keyboard-shortcut first-keystroke="alt 4" />
    <keyboard-shortcut first-keystroke="meta 4" />
  </action>
  <action id="Adtui.ZoomToFitAction">
    <keyboard-shortcut first-keystroke="ctrl divide" />
  </action>
  <action id="Back">
    <keyboard-shortcut first-keystroke="alt comma" />
  </action>
  <action id="ChooseRunConfiguration">
    <keyboard-shortcut first-keystroke="shift alt f10" />
    <keyboard-shortcut first-keystroke="ctrl x" second-keystroke="ctrl e" />
  </action>
  <action id="CloseGotItTooltip" />
  <action id="CommentByLineComment">
    <keyboard-shortcut first-keystroke="meta slash" />
  </action>
  <action id="Debugger.PopFrame">
    <keyboard-shortcut first-keystroke="meta b" second-keystroke="b" />
  </action>
  <action id="Editor Copy">
    <keyboard-shortcut first-keystroke="meta c" />
  </action>
  <action id="Editor Undo">
    <keyboard-shortcut first-keystroke="meta z" />
    <keyboard-shortcut first-keystroke="ctrl x" second-keystroke="u" />
  </action>
  <action id="EditorEscape">
    <keyboard-shortcut first-keystroke="escape" second-keystroke="escape" />
  </action>
  <action id="EditorKillRegion">
    <keyboard-shortcut first-keystroke="ctrl w" />
    <keyboard-shortcut first-keystroke="meta x" />
  </action>
  <action id="EditorNextWord">
    <keyboard-shortcut first-keystroke="alt f" />
    <keyboard-shortcut first-keystroke="escape" second-keystroke="ctrl f" />
    <keyboard-shortcut first-keystroke="alt right" />
  </action>
  <action id="EditorPaste">
    <keyboard-shortcut first-keystroke="ctrl y" />
    <keyboard-shortcut first-keystroke="meta v" />
  </action>
  <action id="EditorPreviousWord">
    <keyboard-shortcut first-keystroke="alt b" />
    <keyboard-shortcut first-keystroke="escape" second-keystroke="ctrl b" />
    <keyboard-shortcut first-keystroke="alt left" />
  </action>
  <action id="EditorTextEnd">
    <keyboard-shortcut first-keystroke="ctrl end" />
    <keyboard-shortcut first-keystroke="shift alt period" />
    <keyboard-shortcut first-keystroke="escape" second-keystroke="shift period" />
  </action>
  <action id="EditorTextStart">
    <keyboard-shortcut first-keystroke="ctrl home" />
    <keyboard-shortcut first-keystroke="shift alt comma" />
    <keyboard-shortcut first-keystroke="escape" second-keystroke="comma" />
    <keyboard-shortcut first-keystroke="escape" second-keystroke="shift less" />
  </action>
  <action id="EscUnfollowUserAction" />
  <action id="FileStructurePopup">
    <keyboard-shortcut first-keystroke="ctrl f12" />
    <keyboard-shortcut first-keystroke="ctrl c" second-keystroke="f" />
  </action>
  <action id="FocusEditor" />
  <action id="GotoClass">
    <keyboard-shortcut first-keystroke="shift alt g" />
    <keyboard-shortcut first-keystroke="ctrl c" second-keystroke="c" />
  </action>
  <action id="GotoLine">
    <keyboard-shortcut first-keystroke="alt g" />
    <keyboard-shortcut first-keystroke="ctrl g" second-keystroke="g" />
  </action>
  <action id="GotoTest">
    <keyboard-shortcut first-keystroke="shift ctrl t" />
    <keyboard-shortcut first-keystroke="ctrl c" second-keystroke="t" />
  </action>
  <action id="Images.Editor.ActualSize">
    <keyboard-shortcut first-keystroke="ctrl divide" />
  </action>
  <action id="IntroduceField">
    <keyboard-shortcut first-keystroke="ctrl c" second-keystroke="ctrl f" />
  </action>
  <action id="IntroduceVariable">
    <keyboard-shortcut first-keystroke="ctrl alt v" />
    <keyboard-shortcut first-keystroke="ctrl c" second-keystroke="ctrl v" />
  </action>
  <action id="NavBar-cancel">
    <keyboard-shortcut first-keystroke="escape" second-keystroke="escape" />
  </action>
  <action id="NextProjectWindow">
    <keyboard-shortcut first-keystroke="ctrl x" second-keystroke="ctrl o" />
    <keyboard-shortcut first-keystroke="meta back_quote" />
  </action>
  <action id="NextTab">
    <keyboard-shortcut first-keystroke="ctrl x" second-keystroke="n" />
    <keyboard-shortcut first-keystroke="meta right" />
  </action>
  <action id="OptimizeImports">
    <keyboard-shortcut first-keystroke="ctrl c" second-keystroke="o" />
  </action>
  <action id="PreviousTab">
    <keyboard-shortcut first-keystroke="ctrl x" second-keystroke="p" />
    <keyboard-shortcut first-keystroke="meta left" />
  </action>
  <action id="Resume">
    <keyboard-shortcut first-keystroke="f9" />
    <keyboard-shortcut first-keystroke="meta b" second-keystroke="r" />
  </action>
  <action id="Run">
    <keyboard-shortcut first-keystroke="shift f10" />
    <keyboard-shortcut first-keystroke="ctrl c" second-keystroke="r" />
  </action>
  <action id="RunToCursor">
    <keyboard-shortcut first-keystroke="alt f9" />
    <keyboard-shortcut first-keystroke="meta b" second-keystroke="e" />
  </action>
  <action id="StepInto">
    <keyboard-shortcut first-keystroke="f7" />
    <keyboard-shortcut first-keystroke="ctrl x" second-keystroke="i" />
    <keyboard-shortcut first-keystroke="meta b" second-keystroke="i" />
  </action>
  <action id="StepOut">
    <keyboard-shortcut first-keystroke="shift f8" />
    <keyboard-shortcut first-keystroke="ctrl x" second-keystroke="t" />
    <keyboard-shortcut first-keystroke="meta b" second-keystroke="g" />
  </action>
  <action id="StepOver">
    <keyboard-shortcut first-keystroke="f8" />
    <keyboard-shortcut first-keystroke="ctrl x" second-keystroke="v" />
    <keyboard-shortcut first-keystroke="meta b" second-keystroke="f" />
  </action>
  <action id="Terminal.CopySelectedText">
    <keyboard-shortcut first-keystroke="ctrl insert" />
  </action>
  <action id="Terminal.SwitchFocusToEditor" />
  <action id="copilot.disposeInlays" />
</keymap>